{
  "features": [
    "return_1d",
    "return_5d",
    "ma5_ratio",
    "ma20_ratio",
    "vol_5d",
    "volume_ratio"
  ],
  "mean": [
    0.00033579807616973664,
    0.0017536222491209375,
    0.0005844811423776466,
    0.0029944272380448282,
    0.009356728056846772,
    1.0049909653566216
  ],
  "std": [
    0.011108293563929814,
    0.025031425149299468,
    0.012143153965251497,
    0.028215448537671033,
    0.005900445141362905,
    0.36621831907331254
  ],
  "coef": [
    -0.006141500530810391,
    0.036926386275018014,
    -0.09991367246553605,
    -0.007297763583857077,
    0.4392736745287874,
    -0.14201881130326294
  ],
  "intercept": -0.030213257551838082,
  "buy_threshold": 0.5,
  "horizon": 20,
  "target_ret": 0.05
}